State,District
Maharashtra,AHMEDNAGAR
Maharashtra,AKOLA
Maharashtra,AMRAVATI
Maharashtra,AURANGABAD
Maharashtra,BEED
Maharashtra,BHANDARA
Maharashtra,BULDHANA
Maharashtra,CHANDRAPUR
Maharashtra,DHULE
Maharashtra,GADCHIROLI
Maharashtra,GONDIA
Maharashtra,HINGOLI
Maharashtra,JALGAON
Maharashtra,JALNA
Maharashtra,KOLHAPUR
Maharashtra,LATUR
Maharashtra,NAGPUR
Maharashtra,NANDED
Maharashtra,NANDURBAR
Maharashtra,NASHIK
Maharashtra,OSMANABAD
Maharashtra,PARBHANI
Maharashtra,PUNE
Maharashtra,RAIGAD
Maharashtra,RATNAGIRI
Maharashtra,SANGLI
Maharashtra,SATARA
Maharashtra,SOLAPUR
Maharashtra,THANE
Maharashtra,WARDHA
Maharashtra,WASHIM
Maharashtra,YAVATMAL
Maharashtra,SINDHUDURG
Punjab,AMRITSAR
Punjab,BATHINDA
Punjab,FARIDKOT
Punjab,FATEHGARH SAHIB
Punjab,FIROZEPUR
Punjab,HOSHIARPUR
Punjab,JALANDHAR
Punjab,KAPURTHALA
Punjab,LUDHIANA
Punjab,MOGA
Punjab,MUKTSAR
Punjab,NAWANSHAHR
Punjab,PATIALA
Punjab,RUPNAGAR
Punjab,SANGRUR
Punjab,MANSA
Punjab,GURDASPUR
Uttar Pradesh,AGRA
Uttar Pradesh,ALIGARH
Uttar Pradesh,ALLAHABAD
Uttar Pradesh,AMBEDKAR NAGAR
Uttar Pradesh,AMROHA
Uttar Pradesh,AURAIYA
Uttar Pradesh,AZAMGARH
Uttar Pradesh,BAGHPAT
Uttar Pradesh,BAHRAICH
Uttar Pradesh,BALLIA
Uttar Pradesh,BALRAMPUR
Uttar Pradesh,BANDA
Uttar Pradesh,BARABANKI
Uttar Pradesh,BAREILLY
Uttar Pradesh,BASTI
Uttar Pradesh,BIJNOR
Uttar Pradesh,BUDAUN
Uttar Pradesh,BULANDSHAHR
Uttar Pradesh,CHANDAULI
Uttar Pradesh,CHITRAKOOT
Uttar Pradesh,DEORIA
Uttar Pradesh,ETAH
Uttar Pradesh,ETAWAH
Uttar Pradesh,FAIZABAD
Uttar Pradesh,FARRUKHABAD
Uttar Pradesh,FATEHPUR
Uttar Pradesh,FIROZABAD
Uttar Pradesh,GAUTAM BUDDHA NAGAR
Uttar Pradesh,GHAZIABAD
Uttar Pradesh,GHAZIPUR
Uttar Pradesh,GONDA
Uttar Pradesh,GORAKHPUR
Uttar Pradesh,HAMIRPUR
Uttar Pradesh,HARDOI
Uttar Pradesh,HATHRAS
Uttar Pradesh,JALAUN
Uttar Pradesh,JAUNPUR
Uttar Pradesh,JHANSI
Uttar Pradesh,KANNAUJ
Uttar Pradesh,KANPUR DEHAT
Uttar Pradesh,KANPUR NAGAR
Uttar Pradesh,KAUSHAMBI
Uttar Pradesh,KHERI
Uttar Pradesh,KUSHI NAGAR
Uttar Pradesh,LALITPUR
Uttar Pradesh,LUCKNOW
Uttar Pradesh,MAHARAJGANJ
Uttar Pradesh,MAHOBA
Uttar Pradesh,MAINPURI
Uttar Pradesh,MATHURA
Uttar Pradesh,MAU
Uttar Pradesh,MEERUT
Uttar Pradesh,MIRZAPUR
Uttar Pradesh,MORADABAD
Uttar Pradesh,MUZAFFARNAGAR
Uttar Pradesh,PILIBHIT
Uttar Pradesh,PRATAPGARH
Uttar Pradesh,RAE BARELI
Uttar Pradesh,RAMPUR
Uttar Pradesh,SAHARANPUR
Uttar Pradesh,SANT KABEER NAGAR
Uttar Pradesh,SANT RAVIDAS NAGAR
Uttar Pradesh,SHAHJAHANPUR
Uttar Pradesh,SHRAVASTI
Uttar Pradesh,SIDDHARTH NAGAR
Uttar Pradesh,SITAPUR
Uttar Pradesh,SONBHADRA
Uttar Pradesh,SULTANPUR
Uttar Pradesh,UNNAO
Uttar Pradesh,VARANASI
Maharashtra,PALGHAR
Punjab,S
Punjab,TARN TARAN
Punjab,BARNALA
Uttar Pradesh,KASGANJ
Punjab,FAZILKA
Punjab,PATHANKOT
Uttar Pradesh,AMETHI
Uttar Pradesh,HAPUR
Uttar Pradesh,SAMBHAL
Uttar Pradesh,SHAMLI
Maharashtra,MUMBAI SUBURBAN
Punjab,SHAHID BHAGAT SINGH NAGAR
Maharashtra,MUMBAI
Uttar Pradesh,ALMORA
Uttar Pradesh,CHAMOLI
Uttar Pradesh,DEHRADUN
Uttar Pradesh,HARIDWAR
Uttar Pradesh,NAINITAL
Uttar Pradesh,PAURI GARHWAL
Uttar Pradesh,PITHORAGARH
Uttar Pradesh,TEHRI GARHWAL
Uttar Pradesh,UDAM SINGH NAGAR
Uttar Pradesh,UTTAR KASHI
Uttar Pradesh,BAGESHWAR
Uttar Pradesh,CHAMPAWAT
Uttar Pradesh,RUDRA PRAYAG
